time,LAT,LON,lon360,NATURE,TRACK_TYPE,WMO_AGENCY,WMO_WIND,WMO_PRES,USA_WIND,USA_PRES,TOKYO_PRES,USA_SSHS
2022-09-10 12:00:00,20.8,158.1,158.1,MX,main,tokyo,,1006.0,20.0,1004.0,1006.0,-3
2022-09-10 15:00:00,20.8,158.3,158.3,MX,main,,,,23.0,1004.0,1005.0,-3
2022-09-10 18:00:00,20.8,158.5,158.5,TS,main,tokyo,,1004.0,25.0,1004.0,1004.0,-1
2022-09-10 21:00:00,20.7,158.8,158.8,TS,main,,,,25.0,1003.0,1004.0,-1
2022-09-11 00:00:00,20.8,159.2,159.2,TS,main,tokyo,,1004.0,25.0,1002.0,1004.0,-1
2022-09-11 03:00:00,20.8,159.5,159.5,TS,main,,,,25.0,1002.0,1003.0,-1
2022-09-11 06:00:00,20.9,159.7,159.7,TS,main,tokyo,,1002.0,25.0,1001.0,1002.0,-1
2022-09-11 09:00:00,20.9,160.1,160.1,TS,main,,,,28.0,1001.0,1001.0,-1
2022-09-11 12:00:00,20.9,160.4,160.4,TS,main,tokyo,35.0,1000.0,30.0,1000.0,1000.0,-1
2022-09-11 15:00:00,21.0,160.7,160.7,TS,main,,,,30.0,995.0,999.0,-1
2022-09-11 18:00:00,21.1,161.0,161.0,TS,main,tokyo,40.0,998.0,30.0,989.0,998.0,-1
2022-09-11 21:00:00,21.1,161.2,161.2,TS,main,,,,33.0,994.0,996.0,-1
2022-09-12 00:00:00,21.2,161.4,161.4,TS,main,tokyo,45.0,994.0,35.0,998.0,994.0,0
2022-09-12 03:00:00,21.5,161.7,161.7,TS,main,,,,38.0,997.0,993.0,0
2022-09-12 06:00:00,21.8,162.0,162.0,TS,main,tokyo,50.0,992.0,40.0,995.0,992.0,0
2022-09-12 09:00:00,22.2,162.3,162.3,TS,main,,,,43.0,996.0,991.0,0
2022-09-12 12:00:00,22.7,162.7,162.7,TS,main,tokyo,50.0,990.0,45.0,996.0,990.0,0
2022-09-12 15:00:00,23.0,163.0,163.0,TS,main,,,,50.0,993.0,988.0,0
2022-09-12 18:00:00,23.2,163.2,163.2,TS,main,tokyo,55.0,985.0,55.0,989.0,985.0,0
2022-09-12 21:00:00,23.6,163.3,163.3,TS,main,,,,55.0,988.0,985.0,0
2022-09-13 00:00:00,23.9,163.3,163.3,TS,main,tokyo,55.0,985.0,55.0,987.0,985.0,0
2022-09-13 03:00:00,24.3,163.2,163.2,TS,main,,,,58.0,985.0,985.0,0
2022-09-13 06:00:00,24.8,163.2,163.2,TS,main,tokyo,55.0,985.0,60.0,983.0,985.0,0
2022-09-13 09:00:00,25.4,163.1,163.1,TS,main,,,,60.0,984.0,983.0,0
2022-09-13 12:00:00,25.9,163.0,163.0,TS,main,tokyo,60.0,980.0,60.0,985.0,980.0,0
2022-09-13 15:00:00,26.3,162.6,162.6,TS,main,,,,63.0,982.0,978.0,0
2022-09-13 18:00:00,26.8,162.3,162.3,TS,main,tokyo,65.0,975.0,65.0,979.0,975.0,1
2022-09-13 21:00:00,27.4,162.1,162.1,TS,main,,,,68.0,978.0,975.0,1
2022-09-14 00:00:00,28.3,162.1,162.1,TS,main,tokyo,65.0,975.0,70.0,976.0,975.0,1
2022-09-14 03:00:00,29.1,162.1,162.1,TS,main,,,,70.0,977.0,973.0,1
2022-09-14 06:00:00,30.0,162.0,162.0,TS,main,tokyo,70.0,970.0,70.0,977.0,970.0,1
2022-09-14 09:00:00,31.0,161.9,161.9,TS,main,,,,70.0,977.0,968.0,1
2022-09-14 12:00:00,32.0,161.9,161.9,TS,main,tokyo,70.0,965.0,70.0,976.0,965.0,1
2022-09-14 15:00:00,32.8,161.9,161.9,TS,main,,,,68.0,976.0,965.0,1
2022-09-14 18:00:00,33.8,162.3,162.3,TS,main,tokyo,70.0,965.0,65.0,976.0,965.0,1
2022-09-14 21:00:00,35.0,163.1,163.1,TS,main,,,,63.0,972.0,965.0,0
2022-09-15 00:00:00,36.6,164.3,164.3,TS,main,tokyo,65.0,965.0,60.0,968.0,965.0,0
2022-09-15 03:00:00,38.9,165.6,165.6,TS,main,,,,58.0,970.0,963.0,0
2022-09-15 06:00:00,41.4,166.8,166.8,MX,main,tokyo,,960.0,55.0,972.0,960.0,0
2022-09-15 09:00:00,43.4,167.4,167.4,MX,main,,,,53.0,973.0,958.0,0
2022-09-15 12:00:00,45.3,167.8,167.8,MX,main,tokyo,,956.0,50.0,973.0,956.0,-4
2022-09-15 15:00:00,47.0,168.8,168.8,MX,main,,,,,,955.0,-4
2022-09-15 18:00:00,48.6,170.0,170.0,ET,main,tokyo,,954.0,,,954.0,-5
2022-09-15 21:00:00,50.1,171.4,171.4,ET,main,,,,,,953.0,-5
2022-09-16 00:00:00,51.5,172.7,172.7,ET,main,tokyo,,952.0,,,952.0,-5
2022-09-16 03:00:00,53.2,174.1,174.1,ET,main,,,,,,950.0,-5
2022-09-16 06:00:00,54.8,175.4,175.4,ET,main,tokyo,,948.0,,,948.0,-5
2022-09-16 09:00:00,55.7,176.3,176.3,ET,main,,,,,,944.0,-5
2022-09-16 12:00:00,56.6,177.3,177.3,ET,main,tokyo,,940.0,,,940.0,-5
2022-09-16 15:00:00,57.8,178.8,178.8,ET,main,,,,,,941.0,-5
2022-09-16 18:00:00,59.1,180.7,180.7,ET,main,,,,,,942.0,-5
2022-09-16 21:00:00,60.3,182.5,182.5,ET,main,,,,,,,-5
2022-09-17 00:00:00,61.3,184.5,184.5,ET,main,,,,,,,-5
2022-09-17 03:00:00,62.2,186.1,186.1,ET,main,,,,,,,-5
2022-09-17 06:00:00,63.0,187.3,187.3,ET,main,,,,,,,-5
2022-09-17 09:00:00,63.9,188.5,188.5,ET,main,,,,,,,-5
2022-09-17 12:00:00,64.7,189.5,189.5,ET,main,,,,,,,-5
2022-09-17 15:00:00,65.3,190.1,190.1,ET,main,,,,,,,-5
2022-09-17 18:00:00,65.9,190.5,190.5,ET,main,,,,,,,-5
2022-09-17 21:00:00,66.5,190.9,190.9,ET,main,,,,,,,-5
2022-09-18 00:00:00,67.0,191.1,191.1,ET,main,,,,,,,-5
2022-09-18 03:00:00,67.3,191.2,191.2,ET,main,,,,,,,-5
2022-09-18 06:00:00,67.5,191.3,191.3,ET,main,,,,,,,-5
2022-09-18 09:00:00,67.7,191.4,191.4,ET,main,,,,,,,-5
2022-09-18 12:00:00,68.0,191.5,191.5,ET,main,,,,,,,-5
2022-09-18 15:00:00,68.3,191.6,191.6,ET,main,,,,,,,-5
2022-09-18 18:00:00,68.5,191.7,191.7,ET,main,,,,,,,-5
2022-09-18 21:00:00,68.7,191.8,191.8,ET,main,,,,,,,-5
2022-09-19 00:00:00,69.0,191.8,191.8,ET,main,,,,,,,-5
2022-09-19 03:00:00,69.3,191.7,191.7,ET,main,,,,,,,-5
2022-09-19 06:00:00,69.5,191.5,191.5,ET,main,,,,,,,-5
2022-09-19 09:00:00,69.7,191.5,191.5,ET,main,,,,,,,-5
2022-09-19 12:00:00,69.8,191.5,191.5,ET,main,,,,,,,-5
2022-09-19 15:00:00,69.9,191.5,191.5,ET,main,,,,,,,-5
2022-09-19 18:00:00,70.1,191.5,191.5,ET,main,,,,,,,-5
